<?xml version="1.0" encoding="UTF-8"?>
<root>
  <item name="com.yalantis.ucrop.UCrop.Options void setAllowedGestures(int, int, int) 0">
    <annotation name="androidx.annotation.IntDef">
      <val name="value" val="{com.yalantis.ucrop.UCropActivity.NONE, com.yalantis.ucrop.UCropActivity.SCALE, com.yalantis.ucrop.UCropActivity.ROTATE, com.yalantis.ucrop.UCropActivity.ALL}" />
    </annotation>
  </item>
  <item name="com.yalantis.ucrop.UCrop.Options void setAllowedGestures(int, int, int) 1">
    <annotation name="androidx.annotation.IntDef">
      <val name="value" val="{com.yalantis.ucrop.UCropActivity.NONE, com.yalantis.ucrop.UCropActivity.SCALE, com.yalantis.ucrop.UCropActivity.ROTATE, com.yalantis.ucrop.UCropActivity.ALL}" />
    </annotation>
  </item>
  <item name="com.yalantis.ucrop.UCrop.Options void setAllowedGestures(int, int, int) 2">
    <annotation name="androidx.annotation.IntDef">
      <val name="value" val="{com.yalantis.ucrop.UCropActivity.NONE, com.yalantis.ucrop.UCropActivity.SCALE, com.yalantis.ucrop.UCropActivity.ROTATE, com.yalantis.ucrop.UCropActivity.ALL}" />
    </annotation>
  </item>
  <item name="com.yalantis.ucrop.UCropActivity.GestureTypes">
    <annotation name="androidx.annotation.IntDef">
      <val name="value" val="{com.yalantis.ucrop.UCropActivity.NONE, com.yalantis.ucrop.UCropActivity.SCALE, com.yalantis.ucrop.UCropActivity.ROTATE, com.yalantis.ucrop.UCropActivity.ALL}" />
    </annotation>
  </item>
  <item name="com.yalantis.ucrop.UCropFragment.GestureTypes">
    <annotation name="androidx.annotation.IntDef">
      <val name="value" val="{com.yalantis.ucrop.UCropFragment.NONE, com.yalantis.ucrop.UCropFragment.SCALE, com.yalantis.ucrop.UCropFragment.ROTATE, com.yalantis.ucrop.UCropFragment.ALL}" />
    </annotation>
  </item>
</root>

